name;station_id;address;wigos_id;latitude;longitude;elevation;region;province;regency;type_id;time_zone
Stasiun Meteorologi Maimun Saleh;96001;Bandara Maimun Saleh Sabang;0-20000-1-06588;5.87655;95.33785;10;Region I;Aceh;Kota Sabang;1;UTC+07:00
Balai Besar Meteorologi Klimatologi dan Geofisika Wilayah III;96003;Jl. Raya Tuban Badung-Bali;;;0;0;Region V;Papua Barat;Kab. Sorong Selatan;4;UTC+08:00
Balai Besar Meteorologi Klimatologi dan Geofisika Wilayah IV;96004;Jl. Prof. DR. Abdurrahman Basalamah No. 4 Panakukang Makassar Sulawesi Selatan;;-5.14283;119.45227;72;Region IV;Sulawesi Selatan;Kota Makassar;4;UTC+08:00
Stasiun Meteorologi Malikussaleh;96009;Jl. Meteorologi Bandar Udara Malikussaleh, Muara Batu, Aceh Utara;0-20000-1-06600;3.5;97.83;182;Region I;Aceh;Kab. Aceh Tenggara;1;UTC+07:00
Stasiun Meteorologi Sultan Iskandar Muda;96011;Bandar Udara Sultan Iskandar Muda, Blang Bintang, Banda Aceh;;5.52244;95.417;20;Region I;Aceh;Kab. Aceh Besar;1;UTC+07:00
Stasiun Geofisika Aceh Besar;96013;Jl. Raya Mata Ie Kec. Darul Imarah Kab. Aceh Besar Aceh;0-20000-0-96013;2.45;98.04;43;Region I;Aceh;Kab. Aceh Singkil;3;UTC+07:00
Stasiun Meteorologi Cut Nyak Dhien Nagan Raya;96015;Jl. Bandara Cut Nyak Dhien Desa Kuala Tuha Kec. Kuala Pesisir, Kab. Nagan Raya;0-20000-0-95013;4.04928;96.24796;3;Region I;Aceh;Kab. Nagan Raya;1;UTC+07:00
Stasiun Klimatologi Aceh;96017;Jl. Banda Aceh - Medan KM. 27,5 Indrapuri, Aceh Besar;;5.404;95.464;40;Region I;Aceh;Kab. Aceh Besar;2;UTC+07:00
Stasiun Klimatologi Sumatera Utara;96031;Jl. Meteorologi Raya No.17, Sampali, Kec. Percut Sei Tuan, Deli Serdang;;3.6104;97.72976;274;Region I;Aceh;Kab. Aceh Tenggara;2;UTC+07:00
Stasiun Meteorologi Maritim Belawan;96033;Jl. Raya Pelabuhan III Gabion Belawan Medan;;1.55;98.88;10;Region I;Sumatera Utara;Kab. Tapanuli Tengah;1;UTC+07:00
Stasiun Meteorologi Kualanamu;96035;Jl. Tengku Heran No. 119 Desa V Kebun Kelapa, Kec. Beringin, Deli Serdang;0-20000-0-96035;3.64573;98.88488;23;Region I;Sumatera Utara;Kab. Deli Serdang;1;UTC+07:00
Stasiun Geofisika Deli Serdang;96037;Jl. Geofisika No. 1 Tuntungan I, Kec. Pancurbatu, Kab. Deli Serdang, Sumatera Utara;;3.2983;97.6531;151;Region I;Aceh;Kab. Aceh Tenggara;3;UTC+07:00
Soewondo TNIAU;96039;;;4;97.31;1045;Region I;Aceh;Kab. Gayo Lues;1;UTC+07:00
Balai Besar Meteorologi Klimatologi dan Geofisika Wilayah I;96041;Jl. Ngumban Surbakti No.15, Sempakata, Kec. Medan Selayang, Kota Medan, Sumatera Utara;;2.485;96.37;10;Region I;Aceh;Kab. Simeulue;4;UTC+07:00
Stasiun Meteorologi Silangit;96043;Jl. Simpang Muara No. 1 Terminal A Bandara Silangit Siborongborong, Tapanuli Utara, Sumatera Utara;;21541.5;985937.3;1420;Region I;Sumatera Utara;Kab. Tapanuli Utara;1;UTC+07:00
Stasiun Meteorologi Aek Godang;96071;Bandara Aek Godang Jl. Aek Godang Sibuhuan Km. 1,5 Aek Godang – Batangonang Padang Lawas Utara;;4.98;97.7;15;Region I;Aceh;Kab. Aceh Timur;1;UTC+07:00
Stasiun Meteorologi FL Tobing;96073;Bandara DR. Ferdinand Lumbantobing, Jl. Ahmad Yani Pinangsori, Kel. Pinangsori, Kec. Pinangsori Kab. Tapanuli Tengah;;0.45924;101.44743;39;Region I;Riau;Kota Pekanbaru;1;UTC+07:00
Stasiun Meteorologi Binaka;96075;Jl. Pelabuhan Udara Binaka Km.19,7 Kecamatan Gunungsitoli Idanoi, kota Gunungsitoli - Nias;;3.2;106.25;2;Region I;Kepulauan Riau;Kab. Kepulauan Anambas;1;UTC+07:00
Stasiun Geofisika Gunungsitoli;96077;Jl. Ke Alasa-Meteorologi, Dusun III, Ds. Onowaembo, Kota Gunungsitoli, Sumatera Utara;;-0.79355;100.28917;6;Region I;Sumatera Barat;Kab. Padang Pariaman;3;UTC+07:00
Stasiun Meteorologi Hang Nadim;96087;Jl. Hang Nadim, Batu Besar, Batam;;1.11667;104.11667;26;Region I;Kepulauan Riau;Kota Batam;1;UTC+07:00
Stasiun Meteorologi Raja Haji Abdullah;96089;Jl. Mayjen Sutoyo Km. 12 Komplek Bandar Udara Raja Haji Abdullah Tangjung Balai Karimun;;4.59;97.53;204;Region I;Aceh;Kab. Aceh Timur;1;UTC+07:00
Stasiun Meteorologi Raja Haji Fisabilillah;96091;Komp. Perkantoran Bandar Udara Raja Haji Fisabilillah Tanjungpinang Kepulauan Riau;;-1.635166;103.6453;27;Region II;Jambi;Kota Jambi;1;UTC+07:00
Stasiun Klimatologi Riau;96107;Jl. Unggas, Simpang Tiga, Kec. Bukit Raya, Kota Pekanbaru, Riau;;2.4772;98.03962;89;Region I;Aceh;Kab. Aceh Singkil;2;UTC+07:00
Stasiun Meteorologi Sultan Syarif Kasim II;96109;Bandar Udara Sultan Syarif Kasim II Pekanbaru;;0.45924;101.44743;39;Region I;Riau;Kota Pekanbaru;1;UTC+07:00
Stasiun Meteorologi Tarempa;96145;Jl. Hang Tuah No.10 Tarempa;0-20000-0-96145;3.2;106.25;2;Region I;Kepulauan Riau;Kab. Kepulauan Anambas;1;UTC+07:00
Stasiun Meteorologi Maritim Natuna;96147;Jl. Adi Sucipto No.147 Ranai;0-20000-0-96147;4.60019;97.89607;6;Region I;Aceh;Kab. Aceh Timur;1;UTC+07:00
Raden Sadjad TNIAU;96149;;;5.15951;96.8154;16;Region I;Aceh;Kab. Bireuen;1;UTC+07:00
Stasiun Meteorologi Maritim Teluk Bayur;96161;Jl. Sutan Syahrir Komplek Pelindo Nomor 26 Rawang, Mata Air, Padang, Sumatera Barat;;-0.99639;100.37222;2;Region I;Sumatera Barat;Kota Padang;1;UTC+07:00
Stasiun Meteorologi Minangkabau;96163;Jl. Mr. H. St. Moh. Rasyid, Talao Mundam, Nagari Katapiang Kec. Batang Anai, Kab. Padang Pariaman, Sumatera Barat;;-0.79355;100.28917;6;Region I;Sumatera Barat;Kab. Padang Pariaman;1;UTC+07:00
Stasiun Geofisika Padang Panjang;96165;Jl. Meteorologi, Silaing Bawah, Kec. Padang Panjang Barat, Kota Padang Panjang, Sumatera Barat;;5.05253;97.51814;15;Region I;Aceh;Kab. Aceh Timur;3;UTC+07:00
Stasiun Klimatologi Sumatera Barat;96167;Jl. Raya Padang-Bukit tinggi Km. 51 Kapalo Hilalang Kec. Kayu Tanam Kab. Padang Pariaman;;5.168;97.501;7;Region I;Aceh;Kab. Aceh Timur;2;UTC+07:00
Stasiun Pemantau Atmosfer Global Bukit Koto Tabang;96169;Jl. Raya Bukittinggi - Medan Km. 15, Palupuh, Kabupaten Agam, Sumatera Barat;;-0.42;111.47;40;Region II;Kalimantan Barat;Kab. Melawi;2;UTC+07:00
Stasiun Meteorologi Kelas II Japura Indragiri Hulu;96171;Jl. Lintas Timur, Sidomulyo, Kec. Lirik, Kab. Indragiri Hulu, Riau;;4.84;97.59;0;Region I;Aceh;Kab. Aceh Timur;1;UTC+07:00
Stasiun Meteorologi Dabo;96179;Jl. Garuda Po.Box 6 Dabo Singkep;;-0.48;104.58;29;Region I;Kepulauan Riau;Kab. Lingga;1;UTC+07:00
Stasiun Klimatologi  Jambi;96191;Jl. Jambi - Muara Bulian KM 18, Desa Simpang Sungai Duren, Kec. Jambi Luar Kota, Kab. Muaro Jambi, Jambi;;4.91;97.72;22;Region I;Aceh;Kab. Aceh Timur;2;UTC+07:00
Stasiun Meteorologi Sultan Thaha;96195;Jl. Sersan Udara Syawal, Paal Merah Baru, Jambi;;1.74;109.3;15;Region II;Kalimantan Barat;Kab. Sambas;1;UTC+07:00
Stasiun Meteorologi Depati Parbo;96207;Bandara Depati Parbo Kerinci;;-2.083;101.45;782;Region II;Jambi;Kab. Kerinci;1;UTC+07:00
Stasiun Meteorologi Sultan Mahmud Badaruddin II;96221;Jl. Sultan Mahmud Badaruddin II KM.10,5 Palembang;;0.8389;112.9348;43;Region II;Kalimantan Barat;Kab. Kapuas Hulu;1;UTC+07:00
Stasiun Klimatologi Sumatera Selatan;96223;Jl. Mayjen Yusuf Singedekane Kawasan Musi II No.16, Keramasan, Kec. Kertapati, Kota Palembang, Sumatera Selatan;;-2.92732;104.77197;11;Region II;Sumatera Selatan;Kota Palembang;2;UTC+07:00
Taman Alat Digital Staklim Sumsel;96225;Jl. Mayjen Yusuf Singedekane Kawasan Musi II No.16, Keramasan, Kec. Kertapati, Kota Palembang, Sumatera Selatan;;-3.0156;104.43;4;Region II;Sumatera Selatan;Kota Palembang;2;UTC+07:00
Stasiun Meteorologi Depati Amir;96237;Jl. Bandar Udara Depati Amir Pangkalpinang;;4.29;97.54;590;Region I;Aceh;Kab. Aceh Timur;1;UTC+07:00
Stasiun Klimatologi Bangka Belitung;96239;Komp. Perkantoran Terpadu Pemkab. Bangka Tengah, Jl. Kartika I, Koba, Kep. Bangka-Belitung;;-2.518;106.422;5.8;Region II;Kepulauan Bangka Belitung;Kab. Bangka Tengah;2;UTC+07:00
Stasiun Meteorologi H. AS. Hananjoeddin;96249;Jl. Bandar Udara H AS.Hanandjoeddin Tanjungpandan;;-0.48;117.16;10;Region III;Kalimantan Timur;Kota Samarinda;1;UTC+07:00
Stasiun Meteorologi Fatmawati Soekarno;96253;Jl. Raya Padang Kemiling, Kelurahan Pekan Sabtu, Kecamatan Selebar, Bengkulu;;4.64213;97.63;47;Region I;Aceh;Kab. Aceh Timur;1;UTC+07:00
Stasiun Klimatologi Bengkulu;96255;Jl. Ir. Rustandi Sugianto Bengkulu;;-1.26;116.9;3;Region III;Kalimantan Timur;Kota Balikpapan;2;UTC+07:00
Stasiun Geofisika Kepahiang;96257;Jl. Pembangunan No. 156 Pasar Ujung, Kepahiang;;4.37946;97.12419;444;Region I;Aceh;Kab. Aceh Tengah;3;UTC+07:00
Pangeran Mohammad Bunyamin TNIAU;96273;;;43600;1051400;21;Region II;Lampung;Kab. Tulang Bawang;1;UTC+07:00
Stasiun Klimatologi Lampung;96291;Jl. Raya Lintas Sumatera KM.35 Tegineneng Pesawaran Lampung;;-2.55;112.93;3;Region III;Kalimantan Tengah;Kab. Kotawaringin Timur;2;UTC+07:00
Stasiun Meteorologi Maritim Panjang;96293;Jl. Yos Sudarso No.64 Way Lunik Panjang Bandar Lampung;;-1.67;114.9;27;Region III;Kalimantan Tengah;Kab. Barito Selatan;1;UTC+07:00
Stasiun Meteorologi Radin Inten II;96295;Komp. Perkantoran Bandara Raden Inten II, KM. 28 Branti, Natar, Lampung Selatan;;-2.22;113.95;11;Region III;Kalimantan Tengah;Kota Palangkaraya;1;UTC+07:00
Stasiun Geofisika Lampung Utara;96297;Jl. Raden Intan No. 219 Kotaalam, Kotabumi Selatan, Lampung Utara, Lampung;;-4.83631;104.87;60;Region II;Lampung;Kab. Lampung Utara;3;UTC+07:00
Stasiun Meteorologi Nunukan;96503;Jl. Arief Rahman Hakim No.15 Nunukan Timur, Nunukan, Kalimantan Utara;;-6.2867;106.56389;46;Region II;Banten;Kab. Tangerang;1;UTC+08:00
Stasiun Meteorologi Yuvai Semaring;96505;Long Katung, Krayan, Nunukan, Kalimantan Timur;;-3.3;116.17;2;Region III;Kalimantan Selatan;Kab. Kotabaru;1;UTC+08:00
Stasiun Meteorologi Juwata;96509;Jl. Mulawarman, Bandar Udara Internasional Juwata, Tarakan Barat, Tarakan, Kalimantan Utara;;-6.12;106.65;11;Region II;Banten;Kota Tangerang;1;UTC+08:00
Stasiun Meteorologi Tanjung Harapan;96525;Jl. Ulin No.119 Tanjung Selor, Kabupaten Bulungan, Kalimantan Utara;;2.5;117.22;3;Region III;Kalimantan Utara;Kab. Bulungan;1;UTC+08:00
Stasiun Meteorologi Kalimarau;96529;Jl. Bandara Kalimarau - Berau, Kalimantan Timur;;6.33;106.45;207;Region II;Jawa Barat;Kota Bogor;1;UTC+08:00
Stasiun Meteorologi Singkawang;96531;Komplek Bandar Udara Singkawang, Kelurahan Pangmilang, Kec. Singkawang Selatan, Kota Singkawang;;0.787194;108.958167;5;Region II;Kalimantan Barat;Kab. Bengkayang;1;UTC+07:00
Harry Hadisoemantri TNIAU;96533;Jl. Raya Pontianak-Mempawah Km 20.5 Sei Nipah Kec. Jongkat, Kab. Mempawah, Kalimantan Barat;;1;109;97;Region II;Kalimantan Barat;Kab. Bengkayang;1;UTC+07:00
Pos Meteorologi Paloh;96535;Jl. Raya Pontianak-Mempawah Km 20.5 Sei Nipah Kec. Jongkat, Kab. Mempawah, Kalimantan Barat;;-6.7344;108.263;42.3;Region II;Jawa Barat;Kab. Majalengka;1;UTC+07:00
Stasiun Meteorologi Nangapinoh;96557;Jl. Juang Km 2,5 Komplek Bandar Udara Nanga Pinoh, Kec. Nanga Pinoh, Kab. Melawi, Kalimantan Barat;;4.60139;96.87319;1242;Region I;Aceh;Kab. Aceh Tengah;1;UTC+07:00
Stasiun Meteorologi Tebelian;96559;Jl. Patih Tengan, Tebelian, Sintang;;-5.8511;112.6578;3;Region III;Jawa Timur;Kab. Gresik;1;UTC+08:00
Stasiun Meteorologi Pangsuma;96565;Jl. Adi Sucipto, Kedamin Hulu, Putussibau Selatan;;4.37721;96.76104;1535;Region I;Aceh;Kab. Aceh Tengah;1;UTC+07:00
Stasiun Meteorologi Supadio;96581;Jl. Adi Sucipto Km.17 Komplek Bandar Udara Supadio Pontianak, Kalimantan Barat;;-0.14186;109.403;3;Region II;Kalimantan Barat;Kota Pontianak;1;UTC+07:00
Stasiun Klimatologi Kalimantan Barat;96583;Jl. Raya Pontianak-Mempawah Km 20.5 Sei Nipah Kec. Jongkat, Kab. Mempawah, Kalimantan Barat;;4.62;96.64;1020;Region I;Aceh;Kab. Aceh Tengah;2;UTC+07:00
Stasiun Meteorologi Maritim Pontianak;96585;Jl. Pelabuhan (Kompleks Pelabuhan Dwikora) Pontianak;0-20000-0-96585;2.3417;97.38275;16;Region I;Aceh;Kab. Aceh Singkil;1;UTC+07:00
Stasiun Meteorologi Beringin;96595;Jl. Pendreh No 187, Kelurahan Melayu, Kec. Teweh Tengah, Kab. Barito Utara;;-0.56;114.53;42;Region III;Kalimantan Tengah;Kab. Barito Utara;1;UTC+07:00
Stasiun Meteorologi Aji Pangeran Tumenggung Pranoto;96607;Jl. Pipit No.150 Kel.Bandara Kec.Sei Pinang Kota Samarinda;;4.23045;96.16877;6;Region I;Aceh;Kab. Aceh Barat;1;UTC+08:00
Stasiun Meteorologi Rahadi Oesman;96615;Jl. Patimura no. 11 Kalinilam, Delta Pawan, Ketapang;;4.31131;96.20003;15;Region I;Aceh;Kab. Aceh Barat;1;UTC+07:00
Stasiun Meteorologi Sultan Aji Muhammad Sulaiman Sepinggan;96633;Jl. Marsma R. Iswahyudi No.356 Sepinggan Balikpapan;;4.22752;96.16491;10;Region I;Aceh;Kab. Aceh Barat;1;UTC+08:00
Stasiun Geofisika Balikpapan;96635;Jl. Marsma Iswahyudi No.354, Sepinggan, Balikpapan, Kalimantan Timur;;4.54837;96.11086;58;Region I;Aceh;Kab. Aceh Barat;3;UTC+08:00
Stasiun Meteorologi Iskandar;96645;Jl. Iskandar Bandara Iskandar Pangkalan Bun kab. Kotawaringin Barat;;-1.42038;120.65701;10;Region IV;Sulawesi Tengah;Kab. Poso;1;UTC+07:00
Stasiun Meteorologi H. Asan;96651;Jl. Samekto, Bandar Udara Haji Asan Sampit, Kel. Baamang Hulu, Kec. Baamang, Kab. Kotawaringin Timur;;-2.55;112.93;3;Region III;Kalimantan Tengah;Kab. Kotawaringin Timur;1;UTC+07:00
Stasiun Meteorologi Sanggu;96653;Jl. Merdeka, Bandar Udara Sanggau, Buntok, PO Box 18;-;-1.67;114.9;27;Region III;Kalimantan Tengah;Kab. Barito Selatan;1;UTC+07:00
Stasiun Meteorologi Tjilik Riwut;96655;Jl. Adonis Samad, Kel. Panarung, Kec. Pahandut, Kota Palangka Raya;;-2.22;113.95;11;Region III;Kalimantan Tengah;Kota Palangkaraya;1;UTC+07:00
Stasiun Meteorologi Syamsudin Noor;96685;Jl. Angkasa Bandar Udara Syamsudin Noor Banjarmasin;;-5.07;119.55;14;Region IV;Sulawesi Selatan;Kab. Maros;1;UTC+08:00
Stasiun Klimatologi Kalimantan Selatan;96687;Jl. Trikora, Sungai Besar, Banjarbaru Selatan, Kota Banjarbaru, Kalimantan Selatan;;-5.47;122.62;35;Region IV;Sulawesi Tenggara;Kota Bau Bau;2;UTC+08:00
Stasiun Meteorologi Gusti Syamsir Alam;96695;Jl. Raya Stagen KM. 10, Kec. Pulau Laut Utara, Kab. Kotabaru, Kalimantan Selatan;;-8.75;115.17;4;Region III;Bali;Kab. Badung;1;UTC+08:00
Stasiun Klimatologi Banten;96733;Jl. Raya Kodam Bintaro No 82, Pondok Betung, Pondok Aren, Kota Tangerang Selatan;;4.113;96.213;21;Region I;Aceh;Kab. Aceh Barat;2;UTC+07:00
Stasiun Geofisika Tangerang;96735;Jl. Meteorologi I No 5 Tanah Tinggi Tangerang, Kota Tangerang. Kodepos;;-8.48845;117.41336;3.3;Region III;Nusa Tenggara Barat;Kab. Sumbawa;3;UTC+07:00
Stasiun Meteorologi Maritim Merak;96737;Jl. Raya Taktakan No 27 Serang Banten;;-6.11185;106.11;25.908;Region II;Banten;Kota Serang;1;UTC+07:00
Stasiun Meteorologi Budiarto;96739;Bandar Udara Budiarto, Komplek STPI Curug, Kec. Legok, Kab. Tangerang;;4.47;96.09;40;Region I;Aceh;Kab. Aceh Barat;1;UTC+07:00
Stasiun Meteorologi Maritim Tanjung Priok;96741;Jl. Padamarang No. 4A Pelabuhan Tanjung Priok Jakarta Utara;;-8.63;120.45;1070;Region III;Nusa Tenggara Timur;Kab. Manggarai;1;UTC+07:00
Stasiun Geofisika Gorontalo;96743;Jl. Hi. Adam Hoesa, Desa Talumelito, Kec. Telaga Biru, Gorontalo;;-8.63577;122.23752;28;Region III;Nusa Tenggara Timur;Kab. Sikka;3;UTC+08:00
Pos Pengamatan Kemayoran;96745;Bandara Soekarno-Hatta Gedung 725, Pajang, Benda, Kota Tangerang, Banten;;-8.2752;122.9986;9;Region III;Nusa Tenggara Timur;Kab. Flores Timur;1;UTC+07:00
Halim Perdana Kusuma TNIAU;96747;Jl. Padamarang No. 4A Pelabuhan Tanjung Priok Jakarta Utara;;0;0;0;Region III;Nusa Tenggara Timur;Kab. Belu;1;UTC+07:00
Stasiun Meteorologi Soekarno Hatta;96749;Bandara Soekarno-Hatta Gedung 725, Pajang, Benda, Kota Tangerang, Banten;;-6.12;106.65;11;Region II;Banten;Kota Tangerang;1;UTC+07:00
Stasiun Meteorologi Citeko;96751;Jl. Raya Citeko, Cisarua, RT.002/RW.009 Desa Citeko, Kecamatan CIsarua, Kabupaten Bogor;;-6.7;106.85;920;Region II;Jawa Barat;Kab. Bogor;1;UTC+07:00
Stasiun Klimatologi Jawa Barat;96753;Jl. Raya Dramaga KM 6.5 Bogor Barat, Kota Bogor, Jawa Barat;;-10.1678;123.67039;102;Region III;Nusa Tenggara Timur;Kota Kupang;2;UTC+07:00
Atang Sendjaja TNIAU;96755;;;3.749;96.84832;21;Region I;Aceh;Kab. Aceh Barat Daya;1;UTC+07:00
Surya Darma TNIAU;96773;;;0;0;0;Region II;Jawa Barat;Kab. Subang;1;UTC+07:00
Husein Sastra Negara TNIAU;96781;;;-6.90227;107.57627;746.76;Region II;Jawa Barat;Kota Bandung;1;UTC+07:00
Stasiun Geofisika Bandung;96783;Jl. Cemara No.66, Pasteur, Kec. Sukajadi, Kota Bandung, Jawa Barat;;-10.76662;123.07395;141;Region III;Nusa Tenggara Timur;Kab. Rote Ndao;3;UTC+07:00
Stasiun Meteorologi Kertajati;96791;Jl. Letnan Angkat Arzain No.28 Jatiwangi Majalengka, Jawa Barat;;-6.7344;108.263;42.3;Region II;Jawa Barat;Kab. Majalengka;1;UTC+07:00
Pos Meteorologi Penggung;96793;;;2.47;97.85;14;Region I;Aceh;Kab. Aceh Singkil;1;UTC+07:00
Stasiun Meteorologi Maritim Tegal;96797;Jl. Kolonel Sugiono No. 100 Tegal;;-6.5254;109.07157;3;Region II;Jawa Tengah;Kab. Tegal;1;UTC+07:00
Wiriadinata TNIAU;96801;;;0;0;0;Region III;Kalimantan Selatan;Kab. Tanah Bumbu;1;UTC+07:00
Stasiun Meteorologi Tunggul Wulung;96805;Jl. Gatot Subroto No. 20, Sidanegara, Cilacap Tengah, Cilacap;;-7.7186;109.0148;6;Region II;Jawa Tengah;Kab. Cilacap;1;UTC+07:00
Stasiun Geofisika Banjarnegara;96807;Jl. Raya Banjarmangu Km.12, Kalilunjar, Banjarmangu, Banjarnegara;0-20000-0-96807;-7.333;109.7069;608;Region II;Jawa Tengah;Kab. Banjarnegara;3;UTC+07:00
Stasiun Klimatologi Jawa Tengah;96835;Jl. Siliwangi No. 291 Semarang;;5.46731;95.37;19;Region I;Aceh;Kab. Aceh Besar;2;UTC+07:00
Stasiun Meteorologi Maritim Tanjung Emas;96837;Jl. Yos Sudarso No.58 Pelabuhan Tanjung Emas Semarang;;5.49519;95.33187;8;Region I;Aceh;Kab. Aceh Besar;1;UTC+07:00
Stasiun Meteorologi Ahmad Yani;96839;Jl. PUAD Bandar Udara Ahmad Yani Semarang;;-6.97683;110.3778;5;Region II;Jawa Tengah;Kota Semarang;1;UTC+07:00
Adi Soemarmo TNIAU;96845;Jl. Siliwangi No. 291 Semarang;;3.84598;96.74434;16;Region I;Aceh;Kab. Aceh Barat Daya;1;UTC+07:00
Stasiun Klimatologi DI Yogyakarta;96851;Jl. Kabupaten Km 5,5 Duwet, Sendangadi, Mlati, Sleman, Daerah Istimewa Yogyakarta;;0;0;0;Region IV;Maluku Utara;Kab. Halmahera Tengah;2;UTC+07:00
Adisutjipto TNIAU;96853;;0-20000-0-96853;3.90206;96.69744;37;Region I;Aceh;Kab. Aceh Barat Daya;1;UTC+07:00
Stasiun Geofisika Sleman;96855;Jl. wates km.8 Jitengan Balecatur Gamping Sleman Yogyakarta;;-7.82;110.3;153;Region II;DI Yogyakarta;Kab. Sleman;3;UTC+07:00
Detasemen Pacitan TNIAU;96857;;;3.84592;96.74428;16;Region I;Aceh;Kab. Aceh Barat Daya;1;UTC+07:00
Stasiun Meteorologi Yogyakarta;96859;Jl. Nasional 3, Bandar Udara Yogyakarta Internasional Airport Kulon Progo;;-7.90746;110.05448;7;Region II;DI Yogyakarta;Kab. Kulon Progo;1;UTC+07:00
Iswahyudi TNIAU;96881;;;0;0;0;Region I;Aceh;Kab. Gayo Lues;1;UTC+07:00
Stasiun Meteorologi Sangkapura;96925;Jl. Umar Mas'ud No.4 Sangkapura - Bawean Gresik;;-1.8754;136.23994;3;Region V;Papua;Kab. Kepulauan Yapen;1;UTC+07:00
Stasiun Meteorologi Dhoho;96929;Bandara Dhoho Kediri, Grogol, Kec. Grogol, Kabupaten Kediri, Jawa Timur;;5.2503;96.79846;6;Region I;Aceh;Kab. Bireuen;1;UTC+07:00
Stasiun Meteorologi Perak I;96933;Jl. Kalimas Baru 97 B Surabaya;-;5.54135;95.5113;281;Region I;Aceh;Kab. Aceh Besar;1;UTC+07:00
Stasiun Meteorologi Juanda;96935;Bandar Udara Juanda Surabaya (Terminal 1), Sedati - Sidoarjo;;5.52;95.35;7;Region I;Aceh;Kab. Aceh Besar;1;UTC+07:00
Stasiun Meteorologi Maritim Tanjung Perak;96937;Jl. Kalimas Baru 97 B Surabaya;-;-7.2053;112.7353;3;Region III;Jawa Timur;Kota Surabaya;1;UTC+07:00
Stasiun Meteorologi Tuban;96939;Jl. Raya Beji Desa Kaliuntu Kecamatan Jenu Kabupaten Tuban;;0;0;0;Region III;Kalimantan Tengah;Kab. Seruyan;1;UTC+07:00
Stasiun Klimatologi Jawa Timur;96943;Jl. Zentana 33, Karangploso, Malang, Jawa Timur;;-7.9008;112.5979;590;Region III;Jawa Timur;Kab. Malang;2;UTC+07:00
Stasiun Geofisika Pasuruan;96945;Jl. Sedap Malam, Mlaten, Pandaan, Pasuruan, Jawa Timur;;5.5884;95.3973;8;Region I;Aceh;Kab. Aceh Besar;3;UTC+07:00
Abdul Rahman Saleh TNIAU;96947;;;0;0;0;Region I;Aceh;Kab. Aceh Selatan;1;UTC+07:00
Stasiun Geofisika Malang;96949;Jl. Raya Bendungan Lahor, No. 40, Karangkates, Sumberpucung, Malang;;-2.57;140.48;96;Region V;Papua;Kab. Jayapura;3;UTC+07:00
Stasiun Meteorologi Trunojoyo;96973;Jl. Raya kalianget Barat No. 8, Sumenep;;-3.25;127.08;10;Region IV;Maluku;Kab. Buru;1;UTC+07:00
Stasiun Geofisika Nganjuk;96975;Jl. Pesanggrahan Sawahan Nganjuk JATIM;;-3.3464;128.9284;8;Region IV;Maluku;Kab. Maluku Tengah;3;UTC+07:00
Stasiun Meteorologi Banyuwangi;96987;Jl. Jaksa Agung Suprapto, No.152, Banyuwangi, Jawa Timur;;-8.215;114.3553;52;Region III;Jawa Timur;Kab. Banyuwangi;1;UTC+07:00
Pos Meteorologi Melonguane;97004;Jl. Bandar Udara Naha, Kec. Tabukan Utara, Kab. Kep. Sangihe;;4.05492;97.07628;913;Region I;Aceh;Kab. Gayo Lues;1;UTC+08:00
Stasiun Meteorologi Naha;97008;Jl. Bandar Udara Naha, Kec. Tabukan Utara, Kab. Kep. Sangihe;;5.29846;95.60126;122;Region I;Aceh;Kab. Aceh Besar;1;UTC+08:00
Stasiun Geofisika Manado;97010;Jl. Harapan No.42, Winangun Satu, Kec. Malalayang, Kota Manado, Sulawesi Utara;;1.4434;124.8389;204;Region IV;Sulawesi Utara;Kota Manado;3;UTC+08:00
Stasiun Klimatologi Sulawesi Utara;97012;Jl. Raya Paniki Atas, Desa Paniki Atas, Kec. Talawaan, Kab. Minahasa Utara;;1.54585;124.9233;84;Region IV;Sulawesi Utara;Kab. Minahasa Utara;2;UTC+08:00
Stasiun Meteorologi Sam Ratulangi;97014;Jl. Mr. A.A. Maramis Bandara Sam Ratulangi Manado;;1.54575;124.9234;80;Region IV;Sulawesi Utara;Kota Manado;1;UTC+08:00
Stasiun Meteorologi Maritim Bitung;97016;Jl. S. H. Sarundajang, Wangurer Barat, Madidir, Bitung, Sulawesi Utara;;5.43905;95.40411;22;Region I;Aceh;Kab. Aceh Besar;1;UTC+08:00
Stasiun Meteorologi Sultan Bantilan;97028;Komplek Bandar Udara Sultan Bantilan, Desa Lalos, Kec.Galang, Kab. Tolitoli Sulawesi Tengah;;-5.6637;132.7362;10;Region IV;Maluku;Kab. Maluku Tenggara;1;UTC+08:00
Stasiun Meteorologi Djalaluddin;97048;Jl. Bandara Djalaluddin Tantu, Desa Tolotio, Kec. Tibawa, Kabupaten Gorontalo, Gorontalo;;5.60011;95.38777;3;Region I;Aceh;Kab. Aceh Besar;1;UTC+08:00
Stasiun Klimatologi Gorontalo;97052;Jl. B.J Habibie (desa moutong) Kec. Tilongkabila Kab. Bone Bolango;;0;0;0;Region IV;Maluku Utara;Kab. Halmahera Timur;2;UTC+08:00
Stasiun Meteorologi Mutiara Sis-Al Jufri;97072;Komplek Bandara Mutiara Palu Jl. Abdurahman Saleh Biroboli - Sulawesi Tengah;;-0.91589;119.90554;79;Region IV;Sulawesi Tengah;Kota Palu;1;UTC+08:00
Stasiun Geofisika Palu;97074;Jl. Sumur Yuga No. 04, Kel. Balaroa, Kec. Palu Barat, Kota Palu;;-8.52019;140.41568;0;Region V;Papua;Kab. Merauke;3;UTC+08:00
Stasiun Meteorologi Syukuran Aminudin Amir;97086;Komplek Bandara SAA Luwuk, Jl. Dr. Moh. Hatta, Desa Bubung, Kec. Luwuk Selatan, Kab. Banggai, Sulawesi Tengah;;5.19511;96.69308;27;Region I;Aceh;Kab. Bireuen;1;UTC+08:00
Stasiun Pemantau Atmosfer Global Lore Lindu Bariri;97094;Jl. Sapta Marga No.01, Kelurahan Birobuli Utara, Kec. Palu Selatan, Kota Palu, Sulawesi Tengah;;5.20483;96.66624;7;Region I;Aceh;Kab. Bireuen;2;UTC+08:00
Stasiun Meteorologi Kasiguncu;97096;Jl. Bandara Kasiguncu no. 202 Poso;;5.51416;95.4241;0;Region I;Aceh;Kab. Aceh Besar;1;UTC+08:00
Stasiun Meteorologi Tampa Padang;97116;Jl. Abdul Malik Pattana Endeng, Rangas, Kec. Simboro dan Kepulauan Kab. Mamuju, Propinsi Sulawesi Barat;;-2.58939;119.02949;0;Region IV;Sulawesi Barat;Kab. Mamuju;1;UTC+08:00
Stasiun Meteorologi Majene;97120;Jl. Abdul Malik Pattana Endeng, Rangas, Kec. Simboro dan Kepulauan Kab. Mamuju, Propinsi Sulawesi Barat;;-3.55074;118.98054;29;Region IV;Sulawesi Barat;Kab. Majene;1;UTC+08:00
Stasiun Meteorologi Toraja;97124;Jl. Bandara Toraja Kec. Mengkendek Kab. Tana Toraja - Sulawesi Selatan;;-6.7553;108.53904;23;Region II;Jawa Barat;Kab. Cirebon;1;UTC+08:00
Stasiun Meteorologi Andi Jemma;97126;Jl. Dirgantara no 3 kec Masamba kab Luwu Utara, Sulawesi Selatan;;-2.55472;120.32422;43;Region IV;Sulawesi Selatan;Kab. Luwu Utara;1;UTC+08:00
Stasiun Meteorologi Sangia Ni Bandera;97142;Jl. Protokol No. 1, Desa Dawi-Dawi, Kec. Pomalaa, Kab. Kolaka, Sulawesi Tenggara;;-7.90746;110.05448;7;Region II;DI Yogyakarta;Kab. Kulon Progo;1;UTC+08:00
Stasiun Meteorologi Maritim Kendari;97144;Jl. Jendral Sudirman no. 158 Kel. Kampung Salo Kec. Kendari Kota Kendari Sulawesi Tenggara;;-3.9701;122.5895;2;Region IV;Sulawesi Tenggara;Kota Kendari;1;UTC+08:00
Haluoleo TNIAU;97146;;;0;0;0;Region I;Aceh;Kab. Aceh Singkil;1;UTC+08:00
Stasiun Geofisika Kendari;97148;Jl. R.E. Martadinata No. 154 Kel. Purirano Kendari, Sulawesi Tenggara;;-2.58939;119.02949;0;Region IV;Sulawesi Barat;Kab. Mamuju;3;UTC+08:00
Stasiun Klimatologi Sulawesi Tenggara;97150;Poros Bandara, Lorong Mekar, Desa Ranooha, Kec. Ranomeeto, Kabupaten Konawe Selatan, Sulawesi Tenggara;;2.53;97.94;36;Region I;Aceh;Kab. Aceh Singkil;2;UTC+08:00
Stasiun Meteorologi Sultan Hasanuddin;97180;Jl. Bandara Internasional Sultan Hasanuddin Hasanuddin Mandai, Maros - Sulawesi Selatan;;5.31158;96.01857;8;Region I;Aceh;Kab. Pidie;1;UTC+08:00
Stasiun Meteorologi Maritim Paotere;97182;Jl. Salodong Kelurahan Untia Kecamatan Biringkanaya;;3.5437;108.2305;2;Region I;Kepulauan Riau;Kab. Natuna;1;UTC+08:00
Stasiun Klimatologi Sulawesi Selatan;97184;Jl. DR. Ratulangi no. 75A, Kel. Baju Bodoa, Kec. Maros Baru, Kab. Maros - Sulawesi Selatan;0-20000-0-97184;5.37819;95.93594;5;Region I;Aceh;Kab. Pidie;2;UTC+08:00
Stasiun Geofisika Gowa;97186;Jl. Poros Malino, Kel. Tamarunang, Sungguminasa, Kab. Gowa, Sulawesi Selatan;;1;109;97;Region II;Kalimantan Barat;Kab. Bengkayang;3;UTC+08:00
Stasiun Meteorologi Beto Ambari;97192;Jl. Dayanu Ikhsanuddin, Kel. Katobengke, Kec. Betoambari, Kota Bau-Bau, Sulawesi Tenggara;;-5.47;122.62;35;Region IV;Sulawesi Tenggara;Kota Bau Bau;1;UTC+08:00
Stasiun Meteorologi I Gusti Ngurah Rai;97230;Gedung GOI Lantai II Bandara Ngurah Rai;;-6.544456;106.755346;176.784;Region II;Jawa Barat;Kab. Bogor;1;UTC+08:00
Stasiun Geofisika Denpasar;97232;Jl. Pulau Tarakan No 1 Denpasar Barat;;-8.67689;115.21;15;Region III;Bali;Kota Denpasar;3;UTC+08:00
Pos Pengamatan Kahang-Kahang;97234;Jl. Cemara No.66, Pasteur, Kec. Sukajadi, Kota Bandung, Jawa Barat;;-6.90227;107.57627;746.76;Region II;Jawa Barat;Kota Bandung;3;UTC+08:00
Stasiun Klimatologi Bali;97236;Jl. Lely No. 9, Baler-bale Agung. Kecamatan Negara;0-20000-0-97236;0;0;0;Region II;Jawa Barat;Kab. Bandung;2;UTC+08:00
Stasiun Meteorologi Zainuddin Abdul Madjid;97240;Jl. Raya Mandalika Penujak, Praya, Lombok Tengah NTB;;-7.519583;110.75175;127;Region II;Jawa Tengah;Kab. Karanganyar;1;UTC+08:00
Stasiun Klimatologi Nusa Tenggara Barat;97242;Jl. Tgh. Ibrahim Khalidy, Desa Montong Are, Kec. Kediri Kab.Lombok Barat, NTB;0-20000-0-97242;-8.63627;116.17094;55;Region III;Nusa Tenggara Barat;Kab. Lombok Barat;2;UTC+08:00
Stasiun Geofisika Alor;97247;Jl. Soekarno-Hatta, Kabola, Kab. Alor - NTT;;-8.144692;124.590197;16;Region III;Nusa Tenggara Timur;Kab. Alor;3;UTC+08:00
Stasiun Meteorologi Sultan Muhammad Kaharuddin;97260;Jl. Garuda No.43 Sumbawa Besar;0-20000-0-97260;-8.48845;117.41336;3.048;Region III;Nusa Tenggara Barat;Kab. Sumbawa;1;UTC+08:00
Stasiun Meteorologi Sultan Muhammad Salahuddin;97270;Jl. Sultan M. Salahuddin Palibelo Bima - NTB;;-8.539026693;118.6895538;1.3;Region III;Nusa Tenggara Barat;Kota Bima;1;UTC+08:00
Stasiun Meteorologi Komodo;97282;Jl. Yohanes Sehadun, Labuan Bajo, Komodo, Manggarai Barat, Nusa Tenggara Timur;;-4.435;122.2512;50;Region IV;Sulawesi Tenggara;Kab. Konawe Selatan;1;UTC+08:00
Stasiun Meteorologi Frans Sales Lega;97284;Jl. Satar Tacik, Ruteng, Kab.Manggarai, Nusa Tenggara Timur;;-8.63;120.45;1070;Region III;Nusa Tenggara Timur;Kab. Manggarai;1;UTC+08:00
Stasiun Meteorologi Fransiskus Xaverius Seda;97300;Jl. Adi Sucipto, Kec. Waioti, Kel. Alok Timur, Kab. Sikka, NTT;;4.0071351;126.6747032;0;Region IV;Sulawesi Utara;Kab. Kepulauan Talaud;1;UTC+08:00
Stasiun Meteorologi Gewayantana;97310;Jl. Soekarno-Hatta No.76, Kec. Ile Mandiri, Flores Timur, NTT;;5.22047;95.85882;99;Region I;Aceh;Kab. Pidie;1;UTC+07:00
Stasiun Meteorologi Mali;97320;Jl. SOEKARNO HATTA, Kel. Kabola kec. Kabola - Alor;;-8.246193;113.694912;264;Region III;Jawa Timur;Kab. Jember;1;UTC+08:00
Stasiun Meteorologi Umbu Mehang Kunda;97340;Jl. Adi Sucipto No.3 Kel. Mau Hau, Kab. Sumba Timur, NTT;;-9.66944;120.29972;10;Region III;Nusa Tenggara Timur;Kab. Sumba Timur;1;UTC+08:00
Stasiun Geofisika Sumba Timur;97342;Jl. Adi Sucipto I/8, Mauhau, Kab. Sumba Timur, NTT;;3.55916;98.67111;27;Region I;Sumatera Utara;Kota Medan;3;UTC+08:00
Stasiun Meteorologi Maritim Tenau;97370;Jl. M. Praja, Alak - Kupang;;1.46977;109.22;2;Region II;Kalimantan Barat;Kab. Sambas;1;UTC+08:00
Stasiun Meteorologi Eltari;97372;Jl. Adi Sucipto Bandar Udara El Tari Kupang;;5.13068;97.42876;10;Region I;Aceh;Kab. Aceh Utara;1;UTC+08:00
Stasiun Klimatologi Nusa Tenggara Timur;97374;Jl. Timor Raya KM 10,7 Lasiana Kupang - NTT;20000-0-1-97374;5.2338;95.91185;44;Region I;Aceh;Kab. Pidie;2;UTC+08:00
Stasiun Geofisika Kupang;97376;Jl. R.W. Monginsidi Pasir Panjang, Kecamatan Kota Lama, Kota Kupang - NTT;;-7.6439066;109.0354614;21;Region II;Jawa Tengah;Kab. Cilacap;3;UTC+07:00
Stasiun Meteorologi David Constatijn Saudale;97378;Jl. Bandar Udara D.C Saudale Rote;;5.098;97.069;49;Region I;Aceh;Kab. Aceh Utara;1;UTC+08:00
Stasiun Meteorologi Tardamu;97380;Jl. Tardamu No.12 Seba - Sabu;;5.0595;97.33926;3;Region I;Aceh;Kab. Aceh Utara;1;UTC+08:00
Leowatimena TNIAU;97404;;;0;0;0;Region IV;Sulawesi Selatan;Kab. Luwu Timur;1;UTC+09:00
Stasiun Meteorologi Gamar Malamo;97406;Jl. Bandara Udara Gamar Malamo Ds. Dokulamo Kec. Galela Barat Kab. Halmahera Utara;;1.84092;127.7905;130;Region IV;Maluku Utara;Kab. Halmahera Utara;1;UTC+07:00
Pos Meteorologi Kao;97410;;;0;0;0;Region V;Papua Barat;Kab. Kaimana;1;UTC+08:00
Stasiun Meteorologi Sultan Babullah;97430;Jl. BANDARA TERNATE, KEL. TAFURE, KEC. TERNATE UTARA, TERNATE, MALUKU UTARA;;0;0;0;Region III;Nusa Tenggara Timur;Kab. Ende;1;UTC+09:00
Stasiun Geofisika Ternate;97432;Jl. Balibunga, Kel. Tabona, Kec. Ternate Selatan, Kota Ternate;;5.2286;96.94713;32;Region I;Aceh;Kab. Aceh Utara;3;UTC+09:00
Stasiun Meteorologi Oesman Sadik;97460;Komp. BMG Bandara Oesman Sadik Labuha Bacan Halmahera Selatan;;0;0;0;Region I;Aceh;Kab. Aceh Barat Daya;1;UTC+09:00
Stasiun Pemantau Atmosfer Global Puncak Vihara Klademak;97500;Jl. Sungai Remu KM.08 Malanu, Malaingkedi, Kota Sorong, Papua Barat;;0;0;0;Region IV;Gorontalo;Kab. Pohuwato;2;UTC+09:00
Stasiun Meteorologi Domine Eduard Osok;97502;Komplek Bandar Udara Domine Eduard Osok , Sorong - Papua Barat Daya;;0;0;0;Region I;Aceh;Kab. Simeulue;1;UTC+09:00
Stasiun Geofisika Sorong;97504;Jl. Danau Siwiki, Puncak Cendrawasih, Kota Sorong, Papua Barat;0-20000-0-97504;2.37263;97.97475;28;Region I;Aceh;Kab. Aceh Singkil;3;UTC+09:00
Stasiun Meteorologi Rendani;97530;Jl. Trikora Rendani Manokwari - Papua Barat;;0;0;0;Region I;Aceh;Kab. Aceh Tenggara;1;UTC+07:00
Stasiun Meteorologi Frans Kaisiepo;97560;Jl. Moh. Yamin, Kel. Mandala, Kec. Biak Kota, Kab. Biak Numfor Papua;0-20000-0-97560;5.09273;97.24998;7;Region I;Aceh;Kab. Aceh Utara;1;UTC+09:00
Stasiun Meteorologi Sudjarwo Tjondronegoro;97570;Jl. Jenderal Sudirman, Serui Kota, Yapen Selatan;;0;0;0;Region I;Riau;Kota Dumai;1;UTC+09:00
Stasiun Meteorologi Mararena;97580;Jl. Inpres Mararena, Kel. Mararena, Kec. Sarmi, Kabupaten Sarmi, Papua;;-1.85;138.75;3;Region V;Papua;Kab. Sarmi;1;UTC+09:00
Stasiun Meteorologi Emalamo;97600;Jl. Meteor, Fogi, Sanana, Kepulauan Sula, Maluku Utara;;5.13018;97.24741;5;Region I;Aceh;Kab. Aceh Utara;1;UTC+08:00
Stasiun Meteorologi Torea;97630;Jl. Adi Sucipto No.01 Bandar Udara Torea Fakfak;;-2.91938;132.26496;126;Region V;Papua Barat;Kab. Fak Fak;1;UTC+09:00
Stasiun Meteorologi Nabire;97682;Kompleks Bandara Douw Aturure Nabire - Papua Tengah;0-20000-0-97682;-3.39712;135.39171;3;Region V;Papua;Kab. Nabire;1;UTC+09:00
Stasiun Meteorologi Wamena;97686;Jl. Gatot Subroto 101 Wamena Papua;;0;0;0;Region V;Papua;Kab. Mappi;1;UTC+09:00
Stasiun Meteorologi Sentani;97690;Jl. Yabaso, Samping hanggar Heli, Komp. Bandar Udara Sentani, Sentani, Kab. Jayapura, Papua;;0;0;0;Region V;Papua;Kab. Merauke;1;UTC+09:00
Stasiun Klimatologi Papua;97692;Jl. Yaring Tabri No.69, Tabri, Nimboran, Kabupaten Jayapura, Papua.;0-20000-0-97692;0;0;0;Region IV;Maluku;Kab. Maluku Barat Daya;2;UTC+09:00
Stasiun Klimatologi Papua Barat;97694;Jl. Sujarwo Condronegoro, SH. Ransiki, Kabupaten Manokwari Selatan, Papua Barat;;4.95;97.432;63;Region I;Aceh;Kab. Aceh Utara;2;UTC+09:00
Stasiun Geofisika Jayapura;97696;Jl. Drs. Krisna Sunarya No.26, Angkasapura, Kec. Jayapura Utara, Kota Jayapura, Papua;;0;0;0;Region V;Papua;Kab. Deiyai;3;UTC+09:00
Stasiun Meteorologi Maritim Dok II Jayapura;97698;Jl. Soa Siu, Kel. Bhayangkara, Kec. Jayapura Utara, Kota Jayapura, Papua;;4.928;97.37;27;Region I;Aceh;Kab. Aceh Utara;1;UTC+09:00
Stasiun Meteorologi Namlea;97700;Jl. Raya Lala, Desa Lala Kecamatan Namlea Kabupaten Buru;;0;0;0;Region V;Papua;Kab. Puncak;1;UTC+09:00
Stasiun Meteorologi Amahai;97722;Jl. Bandara Amahai, Kecamatan Amahai, Kabupaten Maluku Tengah, Maluku;;0;0;0;Region V;Papua;Kab. Keerom;1;UTC+09:00
Stasiun Meteorologi Pattimura;97724;Jl. Dr. J. Leimena (Komplek Bandara Pattimura), Ambon;;-3.7114;128.0957;14;Region IV;Maluku;Kota Ambon;1;UTC+09:00
Stasiun Klimatologi Maluku;97726;Jl. Hunitetu, Kairatu, Seram Bagian Barat, Maluku;;-3.25;128.4;5;Region IV;Maluku;Kab. Seram Bagian Barat;2;UTC+09:00
Stasiun Geofisika Ambon;97728;Jl. AIS Nasution No. 8 Ambon, Maluku;;5.07257;97.25677;9;Region I;Aceh;Kab. Aceh Utara;3;UTC+09:00
Stasiun Meteorologi Maritim Ambon;97730;Jl. Amanlanite, Waimahu, Latuhalat Kec Nusaniwe Ambon;;-3.79051;128.1007;3;Region IV;Maluku;Kota Ambon;1;UTC+09:00
Stasiun Meteorologi Kuffar;97748;Jl. pendidikan Geser Kec. Seram Timur;;-3.8813;130.88;2;Region IV;Maluku;Kab. Seram Bagian Timur;1;UTC+09:00
Stasiun Meteorologi Utarom;97760;Jl. Bandara Utarom (Stasiun Meteorologi Utarom Kaimana), Kaimana, Papua Barat;;-3.6433;133.69694;5;Region V;Papua Barat;Kab. Kaimana;1;UTC+09:00
Stasiun Meteorologi Enarotali;97780;Jl. Titina Yogi, Kompleks Bandar Udara Enarotali, Distrik Paniai Timur, Kabupaten Paniai;;-3.92688;136.38;1650;Region V;Papua;Kab. Paniai;1;UTC+09:00
Stasiun Meteorologi Bandaneira;97790;Jl. Bandara Bandaneira, Desa Kampung Baru, Kecamatan Banda, Maluku Tengah;;0;0;0;Region I;Sumatera Barat;Kab. Kepulauan Mentawai;1;UTC+09:00
Stasiun Meteorologi Mozez Kilangin;97796;Jl. Ahmad Yani, Bandar Udara Mozes Kilangin Timika, Papua Tengah;;0;0;0;Region II;Bengkulu;Kab. Muko Muko;1;UTC+09:00
Stasiun Meteorologi Karel Sadsuitubun;97810;Jl. Bandara Karel Sadsuitubun Ibra Kec. Kei Kecil Timur Kab. Maluku Tenggara (Kantor Operasional);;-5.6637;132.7362;10;Region IV;Maluku;Kab. Maluku Tenggara;1;UTC+09:00
Stasiun Geofisika Nabire;97812;Jl. Matoa (Dekat Putaran 1), Kalibobo, Nabire, Nabire - Papua Tengah;;5.07538;96.94248;407;Region I;Aceh;Kab. Aceh Utara;2;UTC+09:00
Stasiun Meteorologi Tanah Merah;97876;Kompleks Perumahan Bandar Udara Tanah Merah;;-6.1;140.31;97;Region V;Papua;Kab. Boven Digoel;1;UTC+09:00
Stasiun Meteorologi Mathilda Batlayeri;97900;Jl. Harapan Saumlaki, Kepulauan Tanimbar;;0;0;0;Region II;Sumatera Selatan;Kota Pagar Alam;1;UTC+09:00
Stasiun Geofisika Maluku Tenggara Barat;97902;Jl. Harapan Saumlaki, Kecamatan Tanimbar Selatan, Kabupaten Kepulauan Tanimbar, Maluku;;5.367;95.95;23;Region IV;Maluku;Kab. Kepulauan Tanimbar;3;UTC+09:00
Stasiun Klimatologi Papua Selatan;97978;Jl. Poros Semangga-Tanah Miring, dist. Tanah Miring;;0;0;0;Region IV;Maluku Utara;Kab. Halmahera Utara;2;UTC+09:00
Stasiun Meteorologi Mopah;97980;Jl. PGT Bandar Udara Mopah Merauke, Rimba Jaya, Merauke, Papua Selatan;;0;0;0;Region II;Lampung;Kab. Pesisir Barat;1;UTC+09:00
Pos Meteorologi Liwa Lampung;99921;;;-5.01695;104.05891;0;Region II;Lampung;Kab. Lampung Barat;1;UTC+07:00
Stasiun Geofisika Sukabumi;99923;Jl. Jayanti-Citarik, Desa Jayanti, Kecamatan Palabuhanratu, Kabupaten Sukabumi, Jawa Barat;;0;0;0;Region III;Kalimantan Utara;Kab. Malinau;3;UTC+07:00
Pos Polusi Udara Cibeureum;99925;;;0;0;0;Region IV;Maluku;Kab. Seram Bagian Timur;2;UTC+07:00
Pos Meteorologi Bandara Notohadinegoro - Jember;99927;Jl. SOEKARNO HATTA, Kel. Kabola kec. Kabola - Alor;;-8.246193;113.694912;264;Region III;Jawa Timur;Kab. Jember;1;UTC+07:00
Pos Meteorologi Lede Kalumbang - Tambolaka;99931;;;3.7405;97.61631;440;Region I;Aceh;Kab. Gayo Lues;1;UTC+08:00
Stasiun Geofisika Mataram;99932;Jl. Adi Sucipto No. 10 Rembiga Selaparang Mataram NTB;;5.18564;96.46178;18;Region I;Aceh;Kab. Bireuen;3;UTC+08:00
Stasiun Geofisika Aceh Selatan;99933;Jl. Bandara T. Cut Ali Desa Teupin Gajah, Kec. Pasie Raja, Kab. Aceh Selatan, Aceh;;3.17333;97.28637;2;Region I;Aceh;Kab. Aceh Selatan;3;UTC+07:00
AWOS A. A. Bere Tallo;99954;;;4.58689;95.66125;8;Region I;Aceh;Kab. Aceh Jaya;1;UTC+08:00
Balai Besar Meteorologi Klimatologi dan Geofisika Wilayah II;99992;Jl. Abdul Ghani No.5, Cempaka Putih, Ciputat Timur, Tangerang Selatan;;2.63;96.14;12;Region I;Aceh;Kab. Simeulue;4;UTC+07:00
Balai Besar Meteorologi Klimatologi dan Geofisika Wilayah V;99995;Jl. Raya Abepura Entrop Kp 1572 Jayapura Selatan, Jayapura, Papua;;-2.57522;140.68624;0;Region V;Papua;Kota Jayapura;4;UTC+09:00
